<?xml version="1.0" encoding="UTF-8"?>
<cla:Claims xmlns:cla="http://www.mitchell.com/examples/claim">
  <cla:MitchellClaim>
    <cla:ClaimNumber>22c9c23bac142856018ce14a26b6c299</cla:ClaimNumber>
    <cla:ClaimantFirstName>George</cla:ClaimantFirstName>
    <cla:ClaimantLastName>Washington</cla:ClaimantLastName>
    <cla:Status>OPEN</cla:Status>
    <cla:LossDate>2014-07-09T17:19:13.631-07:00</cla:LossDate>
    <cla:LossInfo>
      <cla:CauseOfLoss>Collision</cla:CauseOfLoss>
      <cla:ReportedDate>2014-07-10T17:19:13.676-07:00</cla:ReportedDate>
      <cla:LossDescription>Crashed into an apple tree.</cla:LossDescription>
    </cla:LossInfo>
    <cla:AssignedAdjusterID>12345</cla:AssignedAdjusterID>
    <cla:Vehicles>
      <cla:VehicleDetails>
        <cla:Vin>1M8GDM9AXKP042788</cla:Vin>
        <cla:ModelYear>2015</cla:ModelYear>
        <cla:MakeDescription>Ford</cla:MakeDescription>
        <cla:ModelDescription>Mustang</cla:ModelDescription>
        <cla:EngineDescription>EcoBoost</cla:EngineDescription>
        <cla:ExteriorColor>Deep Impact Blue</cla:ExteriorColor>
        <cla:LicPlate>NO1PRES</cla:LicPlate>
        <cla:LicPlateState>VA</cla:LicPlateState>
        <cla:LicPlateExpDate>2015-03-10-07:00</cla:LicPlateExpDate>
        <cla:DamageDescription>Front end smashed in. Apple dents in roof.</cla:DamageDescription>
        <cla:Mileage>1776</cla:Mileage>
      </cla:VehicleDetails>
    </cla:Vehicles>
  </cla:MitchellClaim>
</cla:Claims>
